x,y,yaw
0.0,0.0,0.0003490658503988442
0.0,0.0,0.0003490658503988442
0.0,0.0,0.0003490658503988442
0.0,0.0,0.0003490658503988442
0.0,0.0,0.0003490658503988442
0.0,0.0,0.0003490658503988442
0.0,0.0,0.0003490658503988442
0.0,0.0,0.0003490658503988442
0.0,0.0,0.0005235987755982662
0.0,0.0,0.0005235987755982662
0.0,0.0,0.0005235987755982662
0.00042646038320931224,2.2329415489535045e-07,0.0003490658503988442
0.0008102747573268301,3.572706512335253e-07,0.0005235987755982662
0.0011514430638942799,5.359059751498056e-07,0.0003490658503988442
0.0014073193133059584,6.252236393752556e-07,0.00017453292519953312
0.0018337797484781811,6.996550273634994e-07,0.0
0.002430824366812802,6.996550273634994e-07,0.0003490658503988442
0.003113161031910612,9.378354652980325e-07,0.0006981317007977995
0.0037954975722974396,1.4141963121456106e-06,0.0006981317007977995
0.004349896011361737,1.8012395002092677e-06,0.0005235987755982662
0.005117524701138499,2.2031689790208986e-06,0.0003490658503988442
0.0060983836572166,2.5455533585517897e-06,0.0
0.007207180805552325,2.5455533585517897e-06,-0.0005235987755982662
0.008315977801896537,1.9649885558238784e-06,-0.0008726646259972214
0.009339482472176933,1.0718120087962709e-06,-0.0013962634015954876
0.010320340531894961,-2.9772509214245283e-07,-0.0019198621771938649
0.011557073533508445,-2.6720849224228443e-06,-0.0022689280275925983
0.012836451565363085,-5.5749065780610445e-06,-0.002094395102393176
0.01420112198563674,-8.433069801766516e-06,-0.0015707963267949099
0.015352563757603415,-1.0241751795271552e-05,-0.0008726646259972214
0.01671723665131061,-1.1432653857975029e-05,-0.0005235987755982662
0.0182098479925432,-1.2214183400108755e-05,-0.0010471975511965326
0.019659812699180518,-1.3732583445258117e-05,-0.0026179938779915535
0.021024481435857407,-1.730528600567418e-05,-0.003839724354387508
0.022431790518977857,-2.2708991522788983e-05,-0.004712388980384619
0.02383909435061271,-2.9340803681132634e-05,-0.004886921905584041
0.025161105933481056,-3.580142247581465e-05,-0.004363323129985774
0.026525766356110005,-4.175591465087156e-05,-0.00401425727958693
0.027805137372983988,-4.6891666654963724e-05,-0.0045378560551853075
0.029212442340653948,-5.3277857859166677e-05,-0.005410520681182417
0.030662386619423283,-6.11228879172675e-05,-0.005934119456780795
0.03206968129848456,-6.947404067914048e-05,-0.00628318530717964
0.033434327774336005,-7.804848020110312e-05,-0.005934119456780795
0.03488426774670217,-8.665269819818438e-05,-0.005585053606381729
0.03650479215034442,-9.570350796994328e-05,-0.005585053606381729
0.03816796193302989,-0.00010499249694622214,-0.006108652381980106
0.03957525513310573,-0.00011358926883660678,-0.006981317007977328
0.04085460528048807,-0.00012252096288680202,-0.008377580409572816
0.042261875352728615,-0.00013431075689399828,-0.008901179185171082
0.0436691390589422,-0.00014683739413816793,-0.008901179185171082
0.04511904711988953,-0.00015974362645034275,-0.009075712110370504
0.046654241481855825,-0.00017367699107212844,-0.009773843811168192
0.048061493720671325,-0.00018743169264649935,-0.010646508437165414
0.04942608979314029,-0.00020196042518445687,-0.010821041362364836
0.05083332685645631,-0.00021718879004602946,-0.010821041362364836
0.05232585101451875,-0.00023334008611133373,-0.010821041362364836
0.0538610187199544,-0.0002499528477785038,-0.010821041362364836
0.055268255783270416,-0.0002651812126400764,-0.011519173063162524
0.056675481872247906,-0.0002813920105152227,-0.011868238913561478
0.058125345257602164,-0.0002986001435232885,-0.012042771838760902
0.05970313447277201,-0.00031760201766362534,-0.011693705988361947
0.061110357710998264,-0.0003340584225763463,-0.011519173063162524
0.06260287022961075,-0.0003512516930499863,-0.011344640137963213
0.06401009912647293,-0.0003672168833937489,-0.011519173063162524
0.06528939557099793,-0.0003819539723711546,-0.012217304763960213
0.066653967138294,-0.0003986261886017234,-0.01274090353955859
0.06818910012032244,-0.0004181862282554045,-0.012915436464758012
0.06972422966509854,-0.0004380141988597324,-0.012915436464758012
0.07117407423516486,-0.0004567406155415977,-0.012915436464758012
0.0725812763178763,-0.00047491625526223163,-0.013089969389957434
0.07390319042575387,-0.000492221058858909,-0.013788101090755234
0.075353018101881,-0.0005122126963191872,-0.014486232791552922
0.07710132245502059,-0.0005375408119036649,-0.014660765716752342
0.07872169797758181,-0.0005612984599783471,-0.014660765716752342
0.08017150765566292,-0.0005825553029925363,-0.014660765716752342
0.08149339295038391,-0.000601936542211356,-0.014835298641951766
0.08285791619365944,-0.000622181137235584,-0.015358897417550033
0.08447827473537908,-0.0006470700149482764,-0.01588249619314841
0.08622654201960495,-0.0006748391984334916,-0.01605702911834783
0.0877616016975223,-0.0006994898149578597,-0.01588249619314841
0.08908346232705894,-0.0007204860268613151,-0.01588249619314841
0.09053324495300234,-0.0007435141302392985,-0.01588249619314841
0.0918977462480079,-0.00076518763930093,-0.01623156204354736
0.09343280160020077,-0.0007901061739044303,-0.017104226669544365
0.09513839384705215,-0.0008192818555155486,-0.01727875959474379
0.09667342226293317,-0.0008458078823678974,-0.017104226669544365
0.09816581547892812,-0.0008713366037776259,-0.016929693744345057
0.09953029332932073,-0.0008944390031090006,-0.01675516081914552
0.10093741524923983,-0.0009180177636750568,-0.016929693744345057
0.10251509276375627,-0.0009447299129019588,-0.017104226669544365
0.1040927655920938,-0.0009717174183922432,-0.01727875959474379
0.10567043368619373,-0.0009989802793238238,-0.01727875959474379
0.10716282242385584,-0.0010247694720969408,-0.01727875959474379
0.1085272921268612,-0.001048348162632362,-0.01727875959474379
0.10980648247342872,-0.0010704531850093194,-0.01745329251994321
0.11129886668729722,-0.0010965028483602408,-0.017802358370342164
0.11296179886347099,-0.0011261100907203447,-0.018325957145940434
0.11458207642615009,-0.0011558065523998434,-0.018500490071139852
0.11611707128877273,-0.0011842079499867577,-0.018500490071139852
0.1173962336742916,-0.0012078757813091861,-0.018500490071139852
0.11867539605981046,-0.0012315436126316146,-0.018849555921538808
0.12029565785135515,-0.0012620884455495705,-0.019198621771937655
0.12204382343708327,-0.0012956549395846753,-0.019547687622336496
0.12383461509603214,-0.0013306652349298188,-0.019896753472735337
0.12524165599734946,-0.001358664475754176,-0.020245819323134184
0.1266913243436699,-0.0013880182099138554,-0.02059488517353314
0.12809834535494388,-0.0014169997436927029,-0.020769418098732565
0.12959063497938084,-0.0014479981882084163,-0.020943951023931984
0.13121082924439337,-0.0014819364200139853,-0.021118483949131295
0.1327883810267323,-0.0015152568756895766,-0.021118483949131295
0.13436593280907122,-0.001548577331365168,-0.021118483949131295
0.1357729384527789,-0.001578295575616371,-0.020943951023931984
0.13709467587949967,-0.0016059820278788088,-0.020943951023931984
0.13854432337977404,-0.00163634781423116,-0.020943951023931984
0.14024979102715565,-0.001672072268763338,-0.021118483949131295
0.14178470627483675,-0.001704492171582832,-0.020943951023931984
0.1433196271574802,-0.0017366441806617922,-0.020943951023931984
0.14481191134893912,-0.001767903078377448,-0.020943951023931984
0.14630419554039803,-0.0017991619760931036,-0.02059488517353314
0.14792440155338019,-0.0018325346513535946,-0.020420352248333603
0.14950197621334382,-0.0018647537600897557,-0.020420352248333603
0.15107955087330746,-0.0018969728688259168,-0.020420352248333603
0.1526144883802991,-0.001928321190839479,-0.020245819323134184
0.1541494313352266,-0.0019594016152438454,-0.020071286397934873
0.15576965460000552,-0.0019919259480838305,-0.019896753472735337
0.1572193331043931,-0.00202077365075135,-0.019547687622336496
0.15866902159020885,-0.0020491153184117043,-0.01937315469713719
0.16024662912493606,-0.002079682377462963,-0.019198621771937655
0.16195215652564643,-0.002112430176521602,-0.01902408884673812
0.16352977463417653,-0.0021424465448060866,-0.01902408884673812
0.16493683943367637,-0.0021692179003030597,-0.01902408884673812
0.16634390423317622,-0.002195989255800033,-0.01937315469713719
0.16787887372642432,-0.0022257301781201766,-0.019547687622336496
0.16962702748873154,-0.0022599068950047217,-0.01937315469713719
0.17141782523085433,-0.002294604637711556,-0.019198621771937655
0.17291016170647588,-0.002323258961887865,-0.01902408884673812
0.17427458817871813,-0.0023492190641879597,-0.01902408884673812
0.17580956795999067,-0.0023784241792755667,-0.01902408884673812
0.17755773937755107,-0.0024116855603475633,-0.018500490071139852
0.17939120546346143,-0.0024456094519097107,-0.018151424220741008
0.1810114881844726,-0.0024750231213556927,-0.018151424220741008
0.18237593679163988,-0.002499792527204941,-0.018151424220741008
0.18382566343675513,-0.002526110020919767,-0.018325957145940434
0.18540330211620584,-0.002555024996765595,-0.018675022996339274
0.18710884642983291,-0.002586879779317279,-0.018325957145940434
0.1888144017589688,-0.0026181392126641196,-0.017976891295541475
0.1902641329752726,-0.0026442036809472803,-0.017976891295541475
0.19171386419157638,-0.002670268149230441,-0.017976891295541475
0.19312095625445946,-0.002695566015505273,-0.017627825445142742
0.19469861473590883,-0.002723379584819636,-0.01745329251994321
0.19644683624358336,-0.002753894904745001,-0.01745329251994321
0.1981950577512579,-0.002784410224670366,-0.01745329251994321
0.19977272106306174,-0.0028119484402127685,-0.01745329251994321
0.20122246572796257,-0.0028372538274679493,-0.01727875959474379
0.20258693543096792,-0.0028608325180033705,-0.01745329251994321
0.20429251738967477,-0.002890603561832995,-0.01745329251994321
0.20612601799528463,-0.002922607433949841,-0.017104226669544365
0.207831610242136,-0.0029517831155609596,-0.016929693744345057
0.20932400789100292,-0.0029770513648296505,-0.01675516081914552
0.21051792952002518,-0.002997057585916001,-0.01675516081914552
0.212010331556303,-0.0030220653622739396,-0.016929693744345057
0.2139291285334176,-0.003054553111333685,-0.016929693744345057
0.21584792551053222,-0.0030870408603934306,-0.016580627893946098
0.21746825243546503,-0.003113909360451871,-0.01623156204354736
0.21879010565540888,-0.0031353669874715517,-0.01640609496874668
0.22023987602513304,-0.0031591541920660345,-0.01640609496874668
0.22190284791981663,-0.0031864395149832354,-0.016580627893946098
0.22386429630263002,-0.0032189645413697684,-0.01623156204354736
0.2255699133606221,-0.0032466518020403245,-0.015533430342749455
0.227019703936564,-0.003269173834420414,-0.015533430342749455
0.2283415718146287,-0.0032897086286493194,-0.015358897417550033
0.2297913662993252,-0.0033119776244975177,-0.015533430342749455
0.2316249249688988,-0.0033404613713311606,-0.015358897417550033
0.23345848858189736,-0.0033686251013744705,-0.015184364492350721
0.23512149257078638,-0.0033938787009885956,-0.015184364492350721
0.23661393204799447,-0.0034165421878217844,-0.015009831567151301
0.237935810496853,-0.0034363848508649924,-0.014835298641951766
0.23947089914553799,-0.003459160020267249,-0.014835298641951766
0.24126183590233713,-0.003485731051236548,-0.014660765716752342
0.24301013580825845,-0.0035113643031066,-0.014486232791552922
0.24463051545263173,-0.0035348391419409942,-0.014311699866353389
0.24599504910890604,-0.003554369271523328,-0.014137166941154078
0.24735958615304796,-0.0035736612447588474,-0.013962634015954654
0.24897997786669943,-0.00359628765161633,-0.014486232791552922
0.2508988484981941,-0.003624086802867586,-0.014311699866353389
0.25277508227557133,-0.003650940731043295,-0.013788101090755234
0.25435283592312147,-0.003672696336514774,-0.01343903524035639
0.25567474390994754,-0.0036904625741200326,-0.013264502315156856
0.25712458185493187,-0.003709695080878538,-0.013264502315156856
0.25891555813991246,-0.003733452883344927,-0.01343903524035639
0.26083445683046647,-0.0037592425830944957,-0.01343903524035639
0.2624975023622799,-0.0037815936562107886,-0.013089969389957434
0.2639047012513109,-0.003800014898749187,-0.013089969389957434
0.26522661535918846,-0.0038173197023458646,-0.013264502315156856
0.2668470224741709,-0.003838814856958312,-0.01343903524035639
0.2686806367784781,-0.003863458347830122,-0.0136135681655557
0.27038632047641215,-0.0038866802237027373,-0.013264502315156856
0.2720067275913946,-0.003908175378315185,-0.01274090353955859
0.2734992179905889,-0.003927192083534041,-0.012217304763960213
0.27503436100379697,-0.003945948326793431,-0.012042771838760902
0.27682536497777355,-0.003967518021763543,-0.012042771838760902
0.27844579714470474,-0.003987033460069835,-0.011868238913561478
0.2800235896522961,-0.004005759957755083,-0.011868238913561478
0.28168666824137895,-0.004025498698558452,-0.011693705988361947
0.2831365346080363,-0.004042453782407922,-0.011519173063162524
0.2846716903414663,-0.004060138289180809,-0.011344640137963213
0.286292135737853,-0.0040785224477584755,-0.011344640137963213
0.28791258113423973,-0.004096906606336142,-0.011344640137963213
0.2895756698305314,-0.004115774558560588,-0.010995574287564258
0.2911108346131112,-0.0041326552572836725,-0.01047197551196588
0.2925607206122526,-0.004147838982993163,-0.01012290966156715
0.2940958995414718,-0.004163379991457758,-0.01012290966156715
0.2958442977664159,-0.004181079473320214,-0.01047197551196588
0.29759268970655695,-0.004199389260205187,-0.01029744258676657
0.299255797249428,-0.0042165156199922525,-0.00959931088596877
0.3007483400261266,-0.0042308434422066036,-0.009250245035569926
0.3021555992739836,-0.004243861306379976,-0.008901179185171082
0.3038613734633334,-0.0042590451091001815,-0.008726646259971549
0.30560979469711236,-0.004274303350049926,-0.008726646259971549
0.30727292709021914,-0.0042888172865630965,-0.008552113334772238
0.30876548405259724,-0.004301582114066193,-0.008377580409572816
0.3101727541248378,-0.004313371908073389,-0.008028514559173862
0.3118785409150428,-0.0043270671364059815,-0.008028514559173862
0.31366961704475804,-0.004341447126155204,-0.008377580409572816
0.31537539895050415,-0.004355737785557866,-0.008726646259971549
0.31691059808260275,-0.004369135265416178,-0.008552113334772238
0.31844579952962027,-0.004382264802276507,-0.008028514559173862
0.3200236523105599,-0.004394932888484155,-0.007504915783575594
0.32172944603774384,-0.0044077349671054625,-0.00715584993317675
0.32334995422517177,-0.004419331278445157,-0.006981317007977328
0.3249278194069433,-0.004430347034440398,-0.006981317007977328
0.32646303958380213,-0.004441065067300632,-0.006806784082777794
0.32812619677660493,-0.00445238599404986,-0.006108652381980106
0.32987465196457794,-0.0044630668318530655,-0.005410520681182417
0.3314525325032387,-0.0044716040704457045,-0.005585053606381729
0.3329877661487945,-0.004480178521808423,-0.006108652381980106
0.3346509308397932,-0.0044903383431334236,-0.00628318530717964
0.33639938413697784,-0.004501324343770938,-0.005759586531581262
0.33810519760992097,-0.004511149232715145,-0.005061454830783574
0.3396404355346023,-0.004518919836482156,-0.0045378560551853075
0.3412183229225959,-0.004526080111468687,-0.005061454830783574
0.3428814973410007,-0.004534498265549616,-0.005410520681182417
0.3447578958194081,-0.004544650657389511,-0.005410520681182417
0.34654900345788786,-0.0045543415768730475,-0.005061454830783574
0.34821217787629266,-0.004562759730953977,-0.005061454830783574
0.34966212480515835,-0.0045700986345117095,-0.005235987755982996
0.35128265226940114,-0.0045785837740145,-0.005759586531581262
0.353116401752815,-0.004589145529629522,-0.006108652381980106
0.354864856940788,-0.004599826367432727,-0.006108652381980106
0.3564853763832996,-0.004609725680518624,-0.005759586531581262
0.35793531783530125,-0.0046180768361212,-0.005934119456780795
0.35947054839427717,-0.004627187184588697,-0.006457718232378951
0.36126164490236706,-0.004638753741948726,-0.006981317007977328
0.3630953801136151,-0.004651555836754006,-0.006981317007977328
0.3649291153248631,-0.004664357931559286,-0.006806784082777794
0.36637904723653736,-0.0046742274574432295,-0.006806784082777794
0.3678289791482116,-0.004684096983327173,-0.006981317007977328
0.3694494893348959,-0.00469541046245742,-0.00715584993317675
0.371368512188429,-0.004709142936412321,-0.006981317007977328
0.37324489240458975,-0.004722242754352608,-0.006632251157578484
0.37495069665417535,-0.004733556242443222,-0.006457718232378951
0.3764432770775836,-0.004743195040243246,-0.006457718232378951
0.3779358575009919,-0.00475283383804327,-0.006806784082777794
0.37972694986247185,-0.00476502560531167,-0.00715584993317675
0.3816033277637042,-0.0047784529131786845,-0.006981317007977328
0.383309127960214,-0.004790361838578945,-0.006981317007977328
0.38471641312233457,-0.00480018670203416,-0.00715584993317675
0.38616634150055956,-0.004810562349022308,-0.007504915783575594
0.38791478007092306,-0.004823684479609148,-0.008028514559173862
0.3898337902099037,-0.004839091611483316,-0.008028514559173862
0.3915395770001087,-0.004852786839815908,-0.007853981633974438
0.3930747872391521,-0.004864844600766436,-0.007679448708775127
0.3944394204126073,-0.004875324437241478,-0.007679448708775127
0.39618785666609674,-0.004888751727725124,-0.007853981633974438
0.39814951419376327,-0.004904158866717466,-0.007853981633974438
0.39994059280598054,-0.0049182262544930815,-0.007679448708775127
0.40156109469945855,-0.0049306710603071935,-0.007853981633974438
0.40292572602305265,-0.004941389070040996,-0.008203047484373395
0.404546221178311,-0.00495468236691771,-0.008726646259971549
0.40642257567309814,-0.004971057064522313,-0.009075712110370504
0.4083842129133884,-0.004988860808205706,-0.009075712110370504
0.4101752730023491,-0.005005116400264456,-0.009075712110370504
0.41149724592515335,-0.005017114575355437,-0.009250245035569926
0.4130324378319064,-0.005031315881726389,-0.00942477796076946
0.4148234921374775,-0.005048196670695164,-0.01012290966156715
0.4167851096581465,-0.00506805462595548,-0.01047197551196588
0.4187467201275731,-0.005088597313680084,-0.01047197551196588
0.42023924983257155,-0.0051042276195575,-0.01029744258676657
0.42160385089338887,-0.005118280017331503,-0.01029744258676657
0.42318167086995884,-0.005134528102257693,-0.010821041362364836
0.4250579869543802,-0.005154832588739789,-0.010995574287564258
0.4271048733311533,-0.005177340187037235,-0.010995574287564258
0.4288958989108298,-0.0051970343355475,-0.010995574287564258
0.4303031332948613,-0.005212508309376994,-0.011170107212763682
0.43171036495674153,-0.005228227891703045,-0.011519173063162524
0.4335013799790765,-0.005248859816271413,-0.012042771838760902
0.43559088461538253,-0.005274024460403211,-0.012391837689159746
0.43755245203058385,-0.005298333129702109,-0.012391837689159746
0.43921552005651543,-0.005318942653672914,-0.012391837689159746
0.4405800886931772,-0.005335853032315625,-0.012566370614359168
0.44211522506569517,-0.0053551451404228265,-0.012566370614359168
0.444076788208357,-0.005379796167448695,-0.012391837689159746
0.4461236411633497,-0.005405161735412762,-0.012042771838760902
0.44782935923380357,-0.005425704302050964,-0.011868238913561478
0.4491512934969207,-0.0054413940703818475,-0.012042771838760902
0.4504732250015224,-0.005457314559526454,-0.012217304763960213
0.4523495109065545,-0.005480238856843486,-0.012391837689159746
0.4543537210916515,-0.005505075975474969,-0.012391837689159746
0.4561873601971658,-0.005527799296776112,-0.012566370614359168
0.4577224965696838,-0.005547091404883314,-0.012915436464758012
0.45904441367768545,-0.005564165490681485,-0.013264502315156856
0.460750105377667,-0.005586791969220904,-0.01343903524035639
0.46279693064759125,-0.00561430098228711,-0.013264502315156856
0.46475847610257004,-0.005640321432607441,-0.013264502315156856
0.4665068100950511,-0.005663513573110345,-0.01343903524035639
0.4678287180818772,-0.005681279810715603,-0.0136135681655557
0.46923590713267277,-0.005700437858310511,-0.0136135681655557
0.4710268750155035,-0.005724820827976758,-0.0136135681655557
0.4731589796379211,-0.0057538481728175266,-0.0136135681655557
0.4751631579829936,-0.00578113387696785,-0.0136135681655557
0.47669827331113424,-0.0058020335652532035,-0.013788101090755234
0.478105458996787,-0.005821437213376414,-0.013788101090755234
0.4797258546348115,-0.005843780808184961,-0.013962634015954654
0.48173002333327514,-0.00587176610087711,-0.013962634015954654
0.4836489082573361,-0.005898560530050445,-0.014137166941154078
0.4853545795625135,-0.005922675496594845,-0.014486232791552922
0.4866338266501766,-0.005941208264095682,-0.014835298641951766
0.488211556650214,-0.005964616077092445,-0.015009831567151301
0.49013041246307315,-0.005993419942800328,-0.015009831567151301
0.4921345507565038,-0.00602350398031745,-0.015184364492350721
0.494010760384994,-0.0060519952209077445,-0.015184364492350721
0.4953752764784414,-0.006072716123155231,-0.015184364492350721
0.49682507482772925,-0.006094732081793186,-0.014835298641951766
0.4987012942872331,-0.0061225683999515,-0.014660765716752342
0.5008333673432347,-0.006153828463207661,-0.014660765716752342
0.5027095916325162,-0.006181337318873082,-0.014835298641951766
0.5042020389298488,-0.006203479844680831,-0.015009831567151301
0.5055239173787074,-0.006223322507724039,-0.015009831567151301
0.5072295669901378,-0.006248925943908823,-0.015009831567151301
0.5092337052835685,-0.006279009981425945,-0.014835298641951766
0.5112378487971294,-0.00630874423036778,-0.014835298641951766
0.5127302960944621,-0.006330886756175529,-0.015184364492350721
0.514009529932069,-0.006350312602032548,-0.015358897417550033
0.5155872474595329,-0.006374546509279117,-0.015358897417550033
0.5176340161438103,-0.006405985091653045,-0.015184364492350721
0.5197660725398219,-0.006438361501414743,-0.015009831567151301
0.5215996458721095,-0.006465885195313386,-0.015009831567151301
0.5230068068015395,-0.006487008030165834,-0.015184364492350721
0.5243713228949869,-0.006507728932413321,-0.015009831567151301
0.5262048962272745,-0.006535252626311964,-0.014835298641951766
0.5282516810921878,-0.006565619518848306,-0.015009831567151301
0.5302131781453328,-0.006595063470460808,-0.015184364492350721
0.5317908998783814,-0.0066190220136844655,-0.015358897417550033
0.5331554123345663,-0.006639981068600417,-0.015533430342749455
0.5348184074069703,-0.0066658151645658135,-0.015707963267948988
0.5368651649924162,-0.006697968202061231,-0.015707963267948988
0.5388266410118019,-0.006728781529661006,-0.01588249619314841
0.54048962696509,-0.006755196118829869,-0.01588249619314841
0.5420246909219713,-0.006779578816524205,-0.015533430342749455
0.5436024041957904,-0.006804088087055479,-0.014835298641951766
0.5454786236552943,-0.006831924405213793,-0.014311699866353389
0.5474401407861886,-0.006859998966488398,-0.014486232791552922
0.5491458035697394,-0.006884709323156181,-0.014660765716752342
0.5507235376311806,-0.006907841769965739,-0.014660765716752342
0.5522159887703818,-0.006929723814245052,-0.014311699866353389
0.5540495808710004,-0.0069559674258713134,-0.014137166941154078
0.555968461089325,-0.006983096763233763,-0.014486232791552922
0.5578020485816421,-0.00700966039665163,-0.014660765716752342
0.5593797826430833,-0.007032792843461188,-0.014311699866353389
0.5607869579761162,-0.00705293328959297,-0.013962634015954654
0.5625352753513717,-0.007077345991728675,-0.013788101090755234
0.5644541649227165,-0.00710380551189669,-0.013788101090755234
0.5664583384750099,-0.007131441010738839,-0.013788101090755234
0.5680787341130343,-0.0071537846055473855,-0.013788101090755234
0.5695285617891614,-0.007173776243007663,-0.013788101090755234
0.5711915994176602,-0.0071967078271532765,-0.01343903524035639
0.5730678559150908,-0.007221924422463966,-0.01343903524035639
0.5750293967987682,-0.007248287226652414,-0.01343903524035639
0.5767350845237051,-0.007271211404207586,-0.0136135681655557
0.5782701998518458,-0.00729211109249294,-0.0136135681655557
0.5799332414573315,-0.00731475242146874,-0.013089969389957434
0.5818521490332829,-0.007339872297657465,-0.013089969389957434
0.5839842685621176,-0.007367783271200494,-0.013089969389957434
0.5858178913569155,-0.007391786708447498,-0.01343903524035639
0.5873956525024822,-0.007412991572686032,-0.0136135681655557
0.5890586941079679,-0.007435632901661832,-0.013788101090755234
0.591020225669787,-0.007462680411166914,-0.0136135681655557
0.5929817619224111,-0.007489385568420422,-0.0136135681655557
0.5946874456203451,-0.007512607444293037,-0.01343903524035639
0.5961372801865416,-0.007532092995214934,-0.01343903524035639
0.5976723991389847,-0.007552724755014588,-0.01274090353955859
0.5995486727836862,-0.007576631470146865,-0.012042771838760902
0.6016381774199921,-0.007601796114278663,-0.011868238913561478
0.6034291851313122,-0.007623053219759215,-0.012042771838760902
0.604879045491198,-0.007640514401401686,-0.012566370614359168
0.6064568245407304,-0.007660342401400754,-0.0136135681655557
0.6083330766084578,-0.007685886464860631,-0.013788101090755234
0.6104225341416999,-0.007714697942376915,-0.013788101090755234
0.612384065703519,-0.007741745451881997,-0.013788101090755234
0.6139618193510691,-0.007763501057353476,-0.013788101090755234
0.6153690050367219,-0.007782904705476687,-0.013264502315156856
0.6171599813217025,-0.007806662507943076,-0.012566370614359168
0.619206829818393,-0.007832385318752678,-0.012217304763960213
0.6212110443078591,-0.007856872636341326,-0.012391837689159746
0.6229167551036864,-0.007878010609644716,-0.012566370614359168
0.6244945341532188,-0.007897838609643784,-0.01274090353955859
0.6262855226322519,-0.007920658655906411,-0.01274090353955859
0.6282897240254557,-0.007946195374343162,-0.01274090353955859
0.6301659976701571,-0.007970102089475439,-0.012915436464758012
0.6318290546769979,-0.00799158239096346,-0.013264502315156856
0.6334494617919804,-0.008013077545575908,-0.013089969389957434
0.6352830845867783,-0.008037080982822912,-0.01274090353955859
0.6371593582314797,-0.008060987697955189,-0.012391837689159746
0.6390356401068897,-0.008084239468588918,-0.012391837689159746
0.6406987081328213,-0.008104848992559723,-0.01274090353955859
0.6422764836976839,-0.008124952366648229,-0.01274090353955859
0.644067472176717,-0.008147772412910856,-0.012042771838760902
0.6461143338612617,-0.008172423492876698,-0.011519173063162524
0.6479906353132318,-0.00819403789004356,-0.011693705988361947
0.6496537173220446,-0.008213486368576776,-0.012042771838760902
0.651188863585453,-0.008231974678551158,-0.012217304763960213
0.6529372209060511,-0.008253335955596573,-0.012042771838760902
0.6549840825905958,-0.008277987035562415,-0.012042771838760902
0.6570735872269018,-0.008303151679694212,-0.012042771838760902
0.6588645912008784,-0.008324721374664324,-0.012391837689159746
0.6603570881472273,-0.00834321710130479,-0.012566370614359168
0.661977509873774,-0.008363580993195724,-0.012391837689159746
0.6638964345190796,-0.008387361213162038,-0.012042771838760902
0.6659859391553856,-0.008412525857293835,-0.011693705988361947
0.6679048799347851,-0.008434966409447546,-0.011519173063162524
0.6693121060237626,-0.008451177207322693,-0.011519173063162524
0.670634045683105,-0.008466405532599345,-0.011519173063162524
0.6723824174906226,-0.008486546220868465,-0.011519173063162524
0.67447193501668,-0.008510616799531561,-0.011519173063162524
0.67651880932792,-0.00853419614189541,-0.011693705988361947
0.678267177593595,-0.008554641978302123,-0.012042771838760902
0.6798449668087648,-0.008573643852442461,-0.012217304763960213
0.681380109821973,-0.008592400095701851,-0.012042771838760902
0.6832563996994723,-0.008614996919003873,-0.012042771838760902
0.6853459043357782,-0.00864016156313567,-0.012042771838760902
0.6871795512615162,-0.008662244822271738,-0.012217304763960213
0.6888852657206362,-0.00868308509255995,-0.011868238913561478
0.6905057012689734,-0.008702317711804259,-0.011868238913561478
0.6924246381025305,-0.008725093181961994,-0.011868238913561478
0.6945141470990704,-0.00874989313835597,-0.012042771838760902
0.696433079928331,-0.008773003525823948,-0.012217304763960213
0.6980961515259732,-0.008793322789354954,-0.012217304763960213
0.6998445088465712,-0.00881468406640037,-0.012217304763960213
0.7016781518901253,-0.008837087356960196,-0.012217304763960213
0.7035544377951574,-0.008860011654277229,-0.012042771838760902
0.7052601558656112,-0.00888055422091543,-0.011868238913561478
0.7067100192509654,-0.008897762353923496,-0.011693705988361947
0.7083731012597783,-0.008917210832456713,-0.011170107212763682
0.7103773402933652,-0.008939599328496847,-0.011170107212763682
0.7123389359432588,-0.008961511473557403,-0.011344640137963213
0.7139593813396455,-0.00897989563213507,-0.011693705988361947
0.7155371770915961,-0.008998346752794787,-0.012391837689159746
0.7173281734272148,-0.009020541624763347,-0.012217304763960213
0.7193323879166809,-0.009045028942351995,-0.011344640137963213
0.7213792663121168,-0.009068251037397468,-0.010995574287564258
0.7231276484256105,-0.00908747627760987,-0.011170107212763682
0.7246628102385707,-0.009104624912874653,-0.011344640137963213
0.7262832556349574,-0.00912300907145232,-0.010821041362364836
0.7282448588141253,-0.009144236489138148,-0.01047197551196588
0.7301638255776947,-0.009164332596694826,-0.010646508437165414
0.7320401451773395,-0.009184309603934519,-0.010995574287564258
0.7336605968922849,-0.00920212811925333,-0.011344640137963213
0.7353236855885765,-0.009220996071477777,-0.011170107212763682
0.7371999944710834,-0.00924195551457918,-0.010995574287564258
0.739161593915491,-0.009263525296280897,-0.011170107212763682
0.7410805461816913,-0.009284961090361876,-0.011519173063162524
0.7427009883447563,-0.009303628069733257,-0.011519173063162524
0.7443640737226388,-0.009322786285403884,-0.010821041362364836
0.7461977462596869,-0.009342629306284114,-0.01012290966156715
0.748031432202921,-0.009361192177505714,-0.01012290966156715
0.7499077620053001,-0.009380186743406885,-0.01047197551196588
0.751613510239584,-0.009398049950123933,-0.011344640137963213
0.7532339556359707,-0.0094164341087016,-0.011170107212763682
0.755152907902171,-0.009437869902782578,-0.010646508437165414
0.7571998020108744,-0.009459663001589513,-0.01047197551196588
0.7591187687744438,-0.009479759109146191,-0.010821041362364836
0.7606965800272527,-0.009496833336415227,-0.011170107212763682
0.7623170286075996,-0.009514934673639164,-0.010821041362364836
0.764193344692021,-0.009535239160121261,-0.01029744258676657
0.766325533849548,-0.00955719603164314,-0.01012290966156715
0.7682445075110721,-0.009576622292223884,-0.01012290966156715
0.7697796864402913,-0.009592163300688478,-0.01029744258676657
0.7712722188505602,-0.009607533110753793,-0.01047197551196588
0.7730206107907013,-0.009625842897638766,-0.01047197551196588
0.7751527960835563,-0.009648171906035076,-0.01029744258676657
0.7771570538916317,-0.009668811365265642,-0.01029744258676657
0.7789054490008038,-0.009686815999913582,-0.010646508437165414
0.780483263209596,-0.009703614846910595,-0.01047197551196588
0.7821463677380229,-0.009721031473459716,-0.009948376736367615
0.7841932765623626,-0.009741395565406423,-0.009773843811168192
0.7862828329169674,-0.00976181921319867,-0.009948376736367615
0.7881591660059455,-0.009780486297483152,-0.010646508437165414
0.7897369802147377,-0.009797285144480165,-0.01047197551196588
0.7914000847431646,-0.009814701771029286,-0.009948376736367615
0.7934469935675043,-0.009835065862975993,-0.009948376736367615
0.7954939023918439,-0.0098554299549227,-0.01047197551196588
0.7973275817436991,-0.009874632902143526,-0.010995574287564258
0.7989480334586445,-0.009892451417462337,-0.011170107212763682
0.8006111254226848,-0.009911029105665853,-0.011344640137963213
0.8027006471180256,-0.009934734994358107,-0.011344640137963213
0.8047475255134615,-0.00995795708940358,-0.011344640137963213
0.8065811874093728,-0.00997876021621515,-0.011170107212763682
0.808116349222333,-0.009995908851479933,-0.010995574287564258
0.8097794444034612,-0.010014196275096608,-0.010821041362364836
0.811741047582629,-0.010035423692782437,-0.010646508437165414
0.8137879416913324,-0.010057216791589373,-0.01029744258676657
0.8157069119331067,-0.010076977975959064,-0.010646508437165414
0.817284726141899,-0.010093776822956077,-0.010821041362364836
0.8189478244894542,-0.010111773981428845,-0.01047197551196588
0.8207815038413094,-0.010130976928649671,-0.01029744258676657
0.8227857616493849,-0.010151616387880237,-0.010646508437165414
0.8246620812490297,-0.01017159339511993,-0.010821041362364836
0.8263678231439582,-0.010190052019194562,-0.010646508437165414
0.8281588554890736,-0.010209120980650632,-0.01047197551196588
0.8299072474292147,-0.010227430767535605,-0.01047197551196588
0.8317835704869271,-0.010247080294924358,-0.010821041362364836
0.8336172430239752,-0.010266923315804588,-0.011344640137963213
0.8354082616199816,-0.010287242648969377,-0.010821041362364836
0.8371992906096566,-0.010306624204247742,-0.009948376736367615
0.8390329797647942,-0.010324867036616668,-0.009250245035569926
0.8408240369893394,-0.010341435227382779,-0.00942477796076946
0.8426150912949105,-0.010358316016351553,-0.01029744258676657
0.8443634864040827,-0.010376320650999494,-0.01012290966156715
0.8461971723473167,-0.010394883522221093,-0.00959931088596877
0.8480735118380236,-0.010412895641576277,-0.00942477796076946
0.8499072102937274,-0.010430178354091928,-0.009948376736367615
0.851740899448865,-0.010448421186460853,-0.010821041362364836
0.8536172155332864,-0.01046872567294295,-0.01047197551196588
0.855578826002713,-0.010489268360667554,-0.01012290966156715
0.857412511945947,-0.010507831231889154,-0.01012290966156715
0.8592035540300361,-0.010525962408431181,-0.010646508437165414
0.8610372300024163,-0.010545485392779061,-0.011344640137963213
0.8628708918983276,-0.010566288519590631,-0.010995574287564258
0.8647898478765523,-0.010587389392994487,-0.01029744258676657
0.8665382429857245,-0.010605394027642427,-0.01012290966156715
0.8682866412106686,-0.010623093509504883,-0.010646508437165414
0.8699923863012547,-0.01064125442517733,-0.011693705988361947
0.8717407545669298,-0.010661700261584044,-0.011519173063162524
0.8737023424485347,-0.010684297131349399,-0.010646508437165414
0.8757065929299735,-0.010705636207264524,-0.01047197551196588
0.8775402722818287,-0.01072483915448535,-0.011170107212763682
0.8792460076295623,-0.010743893193668442,-0.012391837689159746
0.8810370039651809,-0.010766088065637001,-0.012391837689159746
0.8829559286104866,-0.010789868285603315,-0.011868238913561478
0.8848748654440437,-0.01081264375576105,-0.011519173063162524
0.8868364533256486,-0.010835240625526404,-0.011519173063162524
0.8886701115628012,-0.01085636378639402,-0.012042771838760902
0.8902905437297324,-0.010875879224700312,-0.011868238913561478
0.8920389084003066,-0.010896630208621803,-0.011868238913561478
0.893915202193118,-0.010918899557220476,-0.012391837689159746
0.8958341268384237,-0.01094267977718679,-0.013089969389957434
0.897753034414375,-0.010967799653375514,-0.013089969389957434
0.8993734452562895,-0.010989011993268216,-0.012915436464758012
0.9009938597757754,-0.011009941517795007,-0.012915436464758012
0.9027848442446809,-0.011033074150166723,-0.012915436464758012
0.9047463986630059,-0.011058409890383364,-0.012915436464758012
0.9067079530813309,-0.011083745630600005,-0.01274090353955859
0.908498941560364,-0.011106565676862632,-0.012391837689159746
0.9101620095862956,-0.011127175200833438,-0.012042771838760902
0.9119956565120335,-0.011149258459969506,-0.012042771838760902
0.9140425181965782,-0.011173909539935347,-0.012915436464758012
0.9161320000769679,-0.011200897611035683,-0.0136135681655557
0.9180508942371437,-0.011227022221392376,-0.013788101090755234
0.9197565738561168,-0.011250541794875056,-0.013788101090755234
0.9215048954655641,-0.011274649357694802,-0.014137166941154078
0.923253208553371,-0.011299367198402811,-0.014835298641951766
0.9250867866615226,-0.011326570872966617,-0.015009831567151301
0.9268777187535244,-0.01135345448096064,-0.014835298641951766
0.9285407314562665,-0.011378127581146417,-0.014486232791552922
0.930289035809406,-0.011403455696730895,-0.014486232791552922
0.9320799817321344,-0.011429401571232067,-0.014486232791552922
0.933998852363629,-0.011457200722483324,-0.014835298641951766
0.9360029958771899,-0.011486934971425158,-0.014660765716752342
0.9377939372442313,-0.011513193424560333,-0.014311699866353389
0.9395422459913328,-0.011538216403087697,-0.014311699866353389
0.9413331964151929,-0.01156384969816451,-0.014660765716752342
0.9432947036267143,-0.011592608956360178,-0.014835298641951766
0.9452562057889229,-0.011621710561707506,-0.014137166941154078
0.9471324442246181,-0.011648237024906345,-0.013788101090755234
0.9489234078245398,-0.01167293257706316,-0.013788101090755234
0.9506290874435128,-0.01169645215054584,-0.014311699866353389
0.9523773961906143,-0.011721475129073204,-0.015358897417550033
0.9542962418321245,-0.01175094880004876,-0.015707963267948988
0.95621507706848,-0.011781092272700714,-0.015184364492350721
0.9580486455690499,-0.011808935985095775,-0.014660765716752342
0.9597116625527311,-0.01183331883443558,-0.014660765716752342
0.9614599624586524,-0.011858952086305632,-0.015184364492350721
0.9632935309592223,-0.011886795798700693,-0.015533430342749455
0.9652550123266732,-0.01191726678368552,-0.014835298641951766
0.9671312317861771,-0.011945103101843834,-0.013962634015954654
0.968922191048634,-0.011970111235738946,-0.013788101090755234
0.970627870667607,-0.011993630809221625,-0.014486232791552922
0.9724614581599241,-0.012020194442639492,-0.015009831567151301
0.9745082376936406,-0.012050918566061233,-0.014660765716752342
0.9765123863662821,-0.012080303025522024,-0.014660765716752342
0.9782606862722034,-0.012105936277392076,-0.015358897417550033
0.9800516088709462,-0.012133445036969262,-0.01605702911834783
0.9819704334683429,-0.012164258307624723,-0.015707963267948988
0.9837187055725779,-0.012191722360485392,-0.015009831567151301
0.9855096376645798,-0.012218605968479415,-0.014486232791552922
0.9873005835873081,-0.012244551842980587,-0.014660765716752342
0.9890915249543495,-0.012270810296115762,-0.015009831567151301
0.9909677395269229,-0.012298974075919025,-0.014486232791552922
0.9928439685888287,-0.012326155468253587,-0.013788101090755234
0.9946349321887504,-0.012350851020410402,-0.0136135681655557
0.9964259000715812,-0.012375233990076649,-0.014311699866353389
0.998344775525717,-0.012402698234801805,-0.015184364492350721
1.0003062674100476,-0.012432484531782568,-0.015358897417550033
1.002139831023046,-0.012460648261825878,-0.014835298641951766
1.003888126428493,-0.01248658664920067,-0.014835298641951766
1.005679063185292,-0.01251315768016997,-0.014835298641951766
1.007683206698853,-0.012542891929111804,-0.014660765716752342
1.0096447139103746,-0.012571651187307471,-0.014486232791552922
1.0113930182635142,-0.012596979302891949,-0.014311699866353389
1.0130560436570986,-0.012620781648320418,-0.014311699866353389
1.0147617107274414,-0.012645194310298334,-0.015009831567151301
1.0168084902611578,-0.012675918433720075,-0.015533430342749455
1.0189405352257783,-0.012709039069573148,-0.014835298641951766
1.0207741133339299,-0.012736242744136953,-0.014311699866353389
1.0224797804042727,-0.01276065540611487,-0.014311699866353389
1.0240575224443398,-0.012783237118444443,-0.015184364492350721
1.0260190143286705,-0.012813023415425206,-0.01623156204354736
1.0281936760776105,-0.012848324672780164,-0.01640609496874668
1.0301124898022453,-0.012879807737684627,-0.01605702911834783
1.0317754711199891,-0.012906512572252692,-0.015707963267948988
1.033481102441194,-0.01293330677016554,-0.015358897417550033
1.0354852301112156,-0.012964090382073343,-0.015184364492350721
1.0375320042513867,-0.012995171735444573,-0.014835298641951766
1.0394082237108906,-0.013023008053602887,-0.014486232791552922
1.0410286033552638,-0.01304648289243728,-0.014835298641951766
1.042819540112063,-0.01307305392340658,-0.015533430342749455
1.0448663032780987,-0.01310484973382553,-0.015533430342749455
1.046870425544842,-0.013135983131527418,-0.014660765716752342
1.0485760839896432,-0.013160991182132346,-0.014660765716752342
1.0501964595122044,-0.013184748830207028,-0.015184364492350721
1.0520300280127743,-0.013212592542602089,-0.01588249619314841
1.0540341392898138,-0.01324442550903636,-0.01588249619314841
1.056080891232322,-0.013276935772628808,-0.015009831567151301
1.0579571058048955,-0.013305099552432071,-0.014835298641951766
1.0597054012103424,-0.013331037939806863,-0.014835298641951766
1.061538979318494,-0.013358241614370669,-0.015184364492350721
1.0634578300749042,-0.013387380383156197,-0.015358897417550033
1.06541931673067,-0.013417509024597877,-0.015358897417550033
1.0672528803436685,-0.013445672754641187,-0.015358897417550033
1.0689585209138996,-0.013471871573286127,-0.015533430342749455
1.070749438684181,-0.013499692907402707,-0.015009831567151301
1.0725830120164686,-0.01352721660130135,-0.014311699866353389
1.0744166041170873,-0.013553460212927611,-0.013788101090755234
1.0762502097074833,-0.013578743754421493,-0.013788101090755234
1.0780838152978793,-0.013604027295915375,-0.013788101090755234
1.0799174208882754,-0.013629310837409257,-0.0136135681655557
1.0817936729560027,-0.013654854900869134,-0.013264502315156856
1.0836699338259823,-0.013679744027262493,-0.012915436464758012
1.0855035607822427,-0.013703427436595441,-0.01274090353955859
1.0874224770097782,-0.013727877486162542,-0.01274090353955859
1.0894693209858162,-0.013753957539034117,-0.012915436464758012
1.0913882329167863,-0.013778742502289526,-0.013264502315156856
1.093264493786766,-0.013803631628682885,-0.0136135681655557
1.095098103762045,-0.013828595145245946,-0.013962634015954654
1.0968464211373006,-0.013853007847381651,-0.014311699866353389
1.098594729884402,-0.013878030825909016,-0.014137166941154078
1.1004709683200973,-0.013904557289107855,-0.013788101090755234
1.1023472159009677,-0.013930428819938804,-0.013089969389957434
1.104138196305189,-0.013953874037714947,-0.012566370614359168
1.1059291887397933,-0.013976381497173349,-0.012042771838760902
1.1077628356655311,-0.013998464756309417,-0.012042771838760902
1.1097670543983145,-0.014022602272109304,-0.012217304763960213
1.1117712688877806,-0.014047089589697952,-0.011868238913561478
1.1137328487620834,-0.014070371181414748,-0.011693705988361947
1.1154812170277586,-0.014090817017821462,-0.012217304763960213
1.1172722172098346,-0.014112699301624083,-0.013264502315156856
1.119191120372314,-0.014138154089980929,-0.013962634015954654
1.1212805728451802,-0.014167330246191894,-0.01343903524035639
1.1231568293426109,-0.014192546841502583,-0.013089969389957434
1.1247772401845253,-0.014213759181395285,-0.012915436464758012
1.126440297191366,-0.014235239482883306,-0.013089969389957434
1.128401847157894,-0.014260917578542892,-0.013264502315156856
1.1304060349053724,-0.014287503690826708,-0.012915436464758012
1.1323249468363425,-0.014312288654082118,-0.012217304763960213
1.1341159470184186,-0.014334170937884739,-0.012217304763960213
1.1358643043390166,-0.014355532214930154,-0.01274090353955859
1.1379111483150546,-0.014381612267801729,-0.013089969389957434
1.139957983062736,-0.014408406802403037,-0.012915436464758012
1.1420048224557708,-0.014434844096542141,-0.01274090353955859
1.1436678831863016,-0.014456034139500296,-0.013089969389957434
1.1454162211999461,-0.01447892113780558,-0.01343903524035639
1.1473777620836236,-0.014505283941994029,-0.0136135681655557
1.1493392983362478,-0.014531989099247536,-0.013264502315156856
1.1511302746212284,-0.014555746901713925,-0.012915436464758012
1.1527506891407142,-0.014576676426240717,-0.013089969389957434
1.1544990271543587,-0.014599563424546,-0.01343903524035639
1.1565032102311597,-0.014626499333173327,-0.013089969389957434
1.1585074025882645,-0.014652735648303774,-0.011693705988361947
1.1604263433676638,-0.014675176200457484,-0.01047197551196588
1.162217379013662,-0.014693932567510384,-0.010821041362364836
1.16417898219283,-0.014715159985196213,-0.011344640137963213
1.1662685038881706,-0.014738865873888467,-0.011344640137963213
1.1681874523838918,-0.014760636587993597,-0.010995574287564258
1.1699358344973854,-0.014779861828205999,-0.011519173063162524
1.1716415630900854,-0.014799511280175873,-0.012042771838760902
1.1735178529675847,-0.014822108103477895,-0.012042771838760902
1.1756073576038908,-0.014847272747609693,-0.011170107212763682
1.177398379719011,-0.01486727948875194,-0.01029744258676657
1.1791041310450328,-0.014884844985969444,-0.01047197551196588
1.1807672355734595,-0.014902261612518565,-0.011344640137963213
1.1827714706689905,-0.014924999913917257,-0.011519173063162524
1.1847330585505955,-0.014947596783682612,-0.01047197551196588
1.186694669020022,-0.014968139471407217,-0.00942477796076946
1.1884430791754603,-0.014984618336829117,-0.009250245035569926
1.1902341364000055,-0.015001186527595228,-0.009948376736367615
1.1922810452243453,-0.015021550619541935,-0.01029744258676657
1.1943705905987219,-0.015043068353633376,-0.01012290966156715
1.1962042765419558,-0.015061631224854976,-0.009948376736367615
1.1979100338955722,-0.015078601301477233,-0.010646508437165414
1.1997437098679524,-0.015098124285825113,-0.011170107212763682
1.2017053055178462,-0.015120036430885669,-0.010821041362364836
1.2037095522443872,-0.015141725314173363,-0.009948376736367615
1.2055005974656845,-0.015159543894626731,-0.009075712110370504
1.2071210804033157,-0.015174251335060838,-0.009075712110370504
1.208997429067941,-0.015191281002931909,-0.00942477796076946
1.2109590599740427,-0.015209769486088187,-0.00959931088596877
1.2129633317027524,-0.015229009704490315,-0.009075712110370504
1.2147970360795455,-0.015245652334455226,-0.008552113334772238
1.216673393403678,-0.015261699546173405,-0.00942477796076946
1.218592380159647,-0.015279786105782806,-0.009948376736367615
1.2205966450501462,-0.015299725945813959,-0.009948376736367615
1.2224729781391241,-0.01531839303009844,-0.00959931088596877
1.2242213853918282,-0.01533517705040668,-0.009773843811168192
1.226097721710249,-0.015353516652505842,-0.01012290966156715
1.2280593392309178,-0.015373374607766157,-0.009773843811168192
1.230063607571049,-0.01539296463728117,-0.009075712110370504
1.23168409050868,-0.015407672077715278,-0.008726646259971549
1.233304578481451,-0.015421813862010162,-0.008726646259971549
1.2350956441355658,-0.015437444255178193,-0.00942477796076946
1.2371425633419328,-0.015456736585428222,-0.00959931088596877
1.2393174113879795,-0.015477614269226276,-0.008901179185171082
1.2411937629962642,-0.015494316452218502,-0.008203047484373395
1.2428569027608714,-0.015507959572697235,-0.008028514559173862
1.2446053342208314,-0.015521997181738143,-0.008901179185171082
1.2467375519575186,-0.0155409769351384,-0.009075712110370504
1.2489550549248032,-0.015561102906258758,-0.008726646259971549
1.2508314094195903,-0.015577477603863361,-0.008377580409572816
1.2525371913253365,-0.015591768263266024,-0.008552113334772238
1.2542003262262722,-0.015605991928198046,-0.008726646259971549
1.2562899028227397,-0.015624227386894082,-0.008203047484373395
1.2584221332901848,-0.015641718566995023,-0.00715584993317675
1.2603411561437179,-0.015655451040949925,-0.006632251157578484
1.2620469603933036,-0.01566676452904054,-0.006806784082777794
1.2637954076985578,-0.01567866601613588,-0.008377580409572816
1.2657997014378095,-0.01569545754093401,-0.008901179185171082
1.2677613417555618,-0.015712918914062245,-0.008726646259971549
1.2696376962503488,-0.015729293611666847,-0.008552113334772238
1.2714287646052025,-0.015744611404670563,-0.008552113334772238
1.2733477664139743,-0.015761023325745974,-0.008203047484373395
1.2751814846159772,-0.015776065740632783,-0.007679448708775127
1.2771857895894896,-0.0157914580004555,-0.007330382858376171
1.2791048100170255,-0.015805525406871697,-0.007679448708775127
1.2809811806305262,-0.015819935182024878,-0.008377580409572816
1.282857540726847,-0.015835654907367807,-0.008203047484373395
1.2848191927568966,-0.015851746793060673,-0.007679448708775127
1.286738208157068,-0.0158664840631037,-0.007679448708775127
1.2885719339838984,-0.015880566343367035,-0.008028514559173862
1.2904056547833687,-0.015895288713824573,-0.008552113334772238
1.2924099455614193,-0.015912430053614444,-0.009075712110370504
1.2943715828017095,-0.015930233797297837,-0.008901179185171082
1.2962052900552605,-0.01594655638522206,-0.008726646259971549
1.2979110668687035,-0.015961442473953518,-0.008552113334772238
1.2998300686774753,-0.01597785439502893,-0.008552113334772238
1.3018770039401653,-0.015995360444176033,-0.008377580409572816
1.3037960085841296,-0.016011437436004028,-0.008203047484373395
1.3055017929580857,-0.01602543038008478,-0.008552113334772238
1.3072075723436607,-0.016040018754374035,-0.009250245035569926
1.309169206446734,-0.01605816486807025,-0.00959931088596877
1.3113014104134462,-0.016078633185519324,-0.008726646259971549
1.3133483425895776,-0.016096496491997073,-0.008203047484373395
1.3151394161822314,-0.016111189083281862,-0.008552113334772238
1.316930484537085,-0.016126506876285578,-0.009250245035569926
1.3188494744205264,-0.016144258509249266,-0.01012290966156715
1.3208963796594853,-0.016164979853868725,-0.010646508437165414
1.3230712046499826,-0.016188135021351094,-0.010646508437165414
1.3247769497405688,-0.01620629593702354,-0.010646508437165414
1.326482694831155,-0.01622445685269599,-0.01047197551196588
1.3283590178888673,-0.01624410638008474,-0.01012290966156715
1.3304485669869712,-0.01626525941938377,-0.01029744258676657
1.3324528247950467,-0.016285898878614338,-0.01047197551196588
1.3341585730293306,-0.016303762085331384,-0.01047197551196588
1.3359922523811858,-0.01632296503255221,-0.01029744258676657
1.3379538664061106,-0.01634316535435234,-0.01047197551196588
1.339915476875537,-0.016363708042076944,-0.010646508437165414
1.3417491528479173,-0.016383231026424826,-0.011344640137963213
1.343454884844114,-0.016402582772296052,-0.011693705988361947
1.3452885393666512,-0.016424025966576265,-0.011519173063162524
1.3472927704630737,-0.016447114072640868,-0.010646508437165414
1.3494249518263064,-0.016469815217231426,-0.00959931088596877
1.3513865794756816,-0.016488646069284574,-0.00942477796076946
1.3530070571807222,-0.016503919164065847,-0.009948376736367615
1.3547981024020195,-0.016521737744519215,-0.011170107212763682
1.3568449848192998,-0.016544602591538927,-0.012042771838760902
1.3589771324073672,-0.01657028079983668,-0.012391837689159746
1.360853414282777,-0.016593532570470408,-0.012391837689159746
1.3626017678485,-0.016615198993106383,-0.012042771838760902
1.3643501288707154,-0.01663625512391054,-0.011519173063162524
1.366269073537503,-0.016658360757376648,-0.011170107212763682
1.3683159559547833,-0.01668122560439636,-0.011344640137963213
1.3700643312508847,-0.01670106114391437,-0.011519173063162524
1.3717274166287672,-0.016720219359585,-0.011344640137963213
1.3735184352247736,-0.016740538692749787,-0.011519173063162524
1.3755226663211961,-0.01676362679881439,-0.011693705988361947
1.3776974658711822,-0.016789059424588595,-0.011693705988361947
1.3796164066505816,-0.016811499976742306,-0.012042771838760902
1.3812794817692742,-0.01683152897921455,-0.012042771838760902
1.3831557716467735,-0.016854125802516575,-0.012217304763960213
1.3852879147206736,-0.01688017614037684,-0.012566370614359168
1.38729212054035,-0.016905363059294572,-0.01274090353955859
1.389040466436549,-0.016927639771122376,-0.012915436464758012
1.3906608809560348,-0.016948569295649165,-0.013089969389957434
1.3925371461414093,-0.01697313095236703,-0.012915436464758012
1.394669270509154,-0.017000669800428594,-0.012217304763960213
1.39667348499862,-0.01702515711801724,-0.011344640137963213
1.3984218602947214,-0.01704499265753525,-0.010995574287564258
1.4002128858743979,-0.017064686806045514,-0.011344640137963213
1.402174477670024,-0.017086941313797427,-0.011868238913561478
1.4043066297073097,-0.017112247391750466,-0.011868238913561478
1.4063534956631039,-0.017136541226585384,-0.012042771838760902
1.4080592137335577,-0.017157083793223588,-0.01274090353955859
1.4097222744640885,-0.017178273836181743,-0.012915436464758012
1.411811756344478,-0.01720526190728208,-0.012566370614359168
1.4139865328722119,-0.01723259239376728,-0.012391837689159746
1.4158201719777261,-0.017255315715068425,-0.012391837689159746
1.417440597233762,-0.017275396789706646,-0.012915436464758012
1.4193168666773772,-0.017299630976000825,-0.0136135681655557
1.4214063292073464,-0.01732807777394478,-0.013788101090755234
1.4234957867405884,-0.017356889251461064,-0.013264502315156856
1.4253294053180685,-0.01738121271589094,-0.013264502315156856
1.4268645278480518,-0.017401576546576418,-0.0136135681655557
1.4287407799157792,-0.017427120610036297,-0.0136135681655557
1.4308728845381968,-0.017456147954877065,-0.013089969389957434
1.4329197192858782,-0.017482942489478372,-0.012915436464758012
1.4346680612674287,-0.01750552434488886,-0.013264502315156856
1.4363737529674103,-0.017528150823428276,-0.013788101090755234
1.4382073585578063,-0.017553434364922158,-0.013962634015954654
1.4404247366922767,-0.017584396816411343,-0.013962634015954654
1.442514189165143,-0.017613572972622307,-0.014137166941154078
1.4442198604703202,-0.017637687939166705,-0.014311699866353389
1.4459681692174218,-0.01766271091769407,-0.013264502315156856
1.4479297146724006,-0.017688731368014403,-0.012915436464758012
1.4500191965527902,-0.01771571943911474,-0.013089969389957434
1.4520660313004716,-0.017742513973716047,-0.01343903524035639
1.453814361218532,-0.017766011255710097,-0.013962634015954654
1.455605320480989,-0.01779101938960521,-0.013962634015954654
1.4574815635178484,-0.017817218387019138,-0.0136135681655557
1.4595710260478176,-0.017845665184963094,-0.013788101090755234
1.4614899156191623,-0.01787212470513111,-0.013962634015954654
1.4632382329944178,-0.017896537407266815,-0.013788101090755234
1.4651144805752883,-0.017922408938097763,-0.01274090353955859
1.4671613245513262,-0.01794848899096934,-0.012566370614359168
1.4691655303710025,-0.017973675909887073,-0.01274090353955859
1.4708712336843675,-0.01799540928728005,-0.013264502315156856
1.472576925384349,-0.01801803576581947,-0.0136135681655557
1.4744958195445248,-0.01804416037617616,-0.012915436464758012
1.476798513861689,-0.018073902332082652,-0.011868238913561478
1.4789306658989747,-0.01809920841003569,-0.011519173063162524
1.4807643241361272,-0.018120331570903307,-0.011868238913561478
1.4823421166437187,-0.018139058068588555,-0.012042771838760902
1.4843036924247408,-0.018162682020222486,-0.012915436464758012
1.4864358167924854,-0.018190220868284052,-0.01343903524035639
1.4884399998692863,-0.01821715677691138,-0.0136135681655557
1.490230967752117,-0.018241539746577627,-0.0136135681655557
1.4919366514500512,-0.01826476162245024,-0.0136135681655557
1.4940261139800204,-0.018293208420394197,-0.0136135681655557
1.496030292325093,-0.01832049412454452,-0.013788101090755234
1.498119749858335,-0.018349305602060804,-0.014311699866353389
1.499910700282195,-0.018374938897137618,-0.014660765716752342
1.5017442831103565,-0.018401822551537918,-0.014486232791552922
1.5037057953114399,-0.01843023946170587,-0.013788101090755234
1.5057099688637332,-0.01845787496054802,-0.014137166941154078
1.5077141326473167,-0.018486210046237687,-0.014311699866353389
1.5093345163641425,-0.01850940207511671,-0.014137166941154078
1.5110828294519494,-0.01853411991582472,-0.013788101090755234
1.5130443610137685,-0.018561167425329803,-0.014137166941154078
1.515048524797352,-0.01858950251101947,-0.014137166941154078
1.5168821214504176,-0.0186154261000547,-0.013788101090755234
1.5185451590789163,-0.018638357684200316,-0.01343903524035639
1.5204640577694704,-0.018664147383949885,-0.013089969389957434
1.5225535349077284,-0.018691500138022052,-0.012566370614359168
1.5245577407274047,-0.018716687056939785,-0.012915436464758012
1.5263487251963102,-0.0187398196893115,-0.013264502315156856
1.5280544168962917,-0.01876244616785092,-0.01343903524035639
1.5301012421662161,-0.018789955180917126,-0.013788101090755234
1.5322333416899325,-0.018819354647770476,-0.013962634015954654
1.5343227941627988,-0.01884853080398144,-0.013788101090755234
1.5361563997531948,-0.01887381434547532,-0.0136135681655557
1.5377767992662321,-0.018895875127554307,-0.01343903524035639
1.539780982343033,-0.018922811036181635,-0.01343903524035639
1.5418704498060807,-0.01895089315368672,-0.013788101090755234
1.5439172653488484,-0.018979116641865936,-0.013788101090755234
1.5455803029773472,-0.01900204822601155,-0.0136135681655557
1.5472859866752813,-0.019025270101884165,-0.0136135681655557
1.5492901650203539,-0.019052555806034488,-0.013788101090755234
1.5513796225535958,-0.01908136728355077,-0.013788101090755234
1.5534690800868378,-0.019110178761067055,-0.013089969389957434
1.5552174181004823,-0.019133065759372337,-0.013089969389957434
1.5588420167879522,-0.01918085676905623,-0.0136135681655557
1.5609741214103698,-0.019209884113897,-0.014137166941154078
1.5628077180634354,-0.01923580770293223,-0.014137166941154078
1.5646839564991306,-0.01926233416613107,-0.0136135681655557
1.566560208566858,-0.01928787822959095,-0.013089969389957434
1.568649685705116,-0.019315230983663115,-0.01274090353955859
1.5705686019326515,-0.019339681033230218,-0.01274090353955859
1.5724448755773528,-0.019363587748362495,-0.013264502315156856
1.5762400306075082,-0.019414601485112547,-0.0136135681655557
1.578414777322374,-0.01944420937685013,-0.0136135681655557
1.5804189556674466,-0.019471495081000455,-0.014137166941154078
1.5822951941031418,-0.019498021544199294,-0.014311699866353389
1.5840008611734846,-0.019522434206177212,-0.013962634015954654
1.5858771042103441,-0.01954863320359114,-0.013788101090755234
1.5879239197531119,-0.019576856691770356,-0.013962634015954654
1.5898428046771729,-0.019603651120943692,-0.013962634015954654
1.5916764058268311,-0.01962925468659821,-0.013089969389957434
1.5954289405525992,-0.019678043087100625,-0.013264502315156856
1.5972625591300793,-0.0197023665515305,-0.013788101090755234
1.599181448701424,-0.019728826071698517,-0.014486232791552922
1.6011003193329187,-0.019756625222949773,-0.014311699866353389
1.6030191947870545,-0.01978408946767493,-0.013089969389957434
1.6050233871441593,-0.019810325782805376,-0.012391837689159746
1.6070275973292563,-0.01983516290143686,-0.012566370614359168
1.6089038751178892,-0.019858742144678993,-0.013089969389957434
1.6107801403032638,-0.019883303801396857,-0.012915436464758012
1.6127843372089437,-0.01990919031857473,-0.01274090353955859
1.6165795188141112,-0.01995818713982366,-0.0136135681655557
1.6184557708818386,-0.019983731203283537,-0.0136135681655557
1.620332022949566,-0.020009275266743416,-0.013264502315156856
1.6223362106970443,-0.020035861379027232,-0.013264502315156856
1.6242551138595236,-0.020061316167384078,-0.0136135681655557
1.626131365927251,-0.020086860230843957,-0.014137166941154078
1.6279649625803165,-0.020112783819879188,-0.014311699866353389
1.6298411963576938,-0.020139637748054898,-0.013264502315156856
1.6338495933354769,-0.020191135404231998,-0.012217304763960213
1.635555307794597,-0.020211975674520207,-0.012391837689159746
1.6372610185904242,-0.020233113647823597,-0.012391837689159746
1.6392652287755212,-0.02025795076645508,-0.012217304763960213
1.6413547289879433,-0.020283480097558138,-0.012217304763960213
1.6432736577544533,-0.020306925401632377,-0.012042771838760902
1.64506466172843,-0.02032849509660249,-0.011868238913561478
1.6467703833582585,-0.02034873995896492,-0.011868238913561478
1.6509920622253607,-0.020397297923178796,-0.010821041362364836
1.653081596046648,-0.02041990973767022,-0.011344640137963213
1.6549579012424642,-0.02044119665812857,-0.011868238913561478
1.656620979831547,-0.02046093539893194,-0.012217304763960213
1.6606294044145278,-0.02051026727772745,-0.01274090353955859
1.6626762483905657,-0.020536347330599027,-0.012915436464758012
1.6644672328594712,-0.020559479962970743,-0.012042771838760902
1.6662155938816865,-0.0205805360937749,-0.010646508437165414
1.6680919134813312,-0.020600513101014593,-0.00959931088596877
1.6720578025105204,-0.020639633603007627,-0.010995574287564258
1.6739767584887453,-0.020660734476411483,-0.011170107212763682
1.6759809975223323,-0.020683122972451617,-0.01047197551196588
1.6777720331683306,-0.020701879339504518,-0.01012290966156715
1.6796483629707095,-0.02072087390540569,-0.010995574287564258
1.6815246754827515,-0.02074150587051168,-0.011693705988361947
1.6835289025190132,-0.020764943780538888,-0.011344640137963213
1.6854052077148294,-0.02078623070099724,-0.01012290966156715
1.6891152481528504,-0.02082116826982344,-0.009075712110370504
1.6910342411053083,-0.02083858497560067,-0.00959931088596877
1.6929532246753494,-0.020857006461304835,-0.009075712110370504
1.6950427947791369,-0.02087597131870671,-0.007853981633974438
1.6969191628490787,-0.02089070858209069,-0.007504915783575594
1.6987528911058014,-0.020904470816608595,-0.008028514559173862
1.7025909085446702,-0.020935634896361015,-0.007853981633974438
1.7045525660723368,-0.020951042035353355,-0.00715584993317675
1.7065568788304715,-0.020965384841484032,-0.006981317007977328
1.7082200340220686,-0.020976996043749287,-0.007330382858376171
1.7098831850592664,-0.020989187795976656,-0.007504915783575594
1.7140197320222312,-0.021020604982848943,-0.007330382858376171
1.7160666871449362,-0.02103561021635955,-0.006806784082777794
1.717857779506416,-0.02104780198362795,-0.006806784082777794
1.719648871867896,-0.02105999375089635,-0.006981317007977328
1.721653187098795,-0.021073986738241658,-0.006632251157578484
1.7238707326232563,-0.021088694272759455,-0.006108652381980106
1.7275382163026936,-0.02111228885868046,-0.008028514559173862
1.7293292924324088,-0.021126668848429682,-0.008726646259971549
1.731248291347532,-0.021143415698252573,-0.008552113334772238
1.733295226610222,-0.021160921747399676,-0.007853981633974438
1.7350863052224392,-0.021174989135175293,-0.007853981633974438
1.7384552388025623,-0.021201449221705616,-0.00715584993317675
1.7402889717514938,-0.021214571363484744,-0.005585053606381729
1.7424638860826978,-0.021226718502915264,-0.003490658503988664
1.7443403005942062,-0.02123326845178994,0.0013962634015954876
1.7477092872632343,-0.021217883607731983,0.01745329251994332
1.7496280669667794,-0.021184391183423655,0.029670597283903536
1.75158892156811,-0.02112619437746994,0.04363323129985819
1.7535487724788958,-0.021040625438744923,0.05969026041820602
1.75529414634708,-0.020936319710686546,0.08639379797371932
1.7591989269909887,-0.02055634674093016,0.13002702927357757
1.761270943091609,-0.020285399950528863,0.1530653753999027
1.7631675779595275,-0.019992802153171823,0.17662732030182612
1.764930845184683,-0.01967808135749246,0.2139773662945048
1.768504411256055,-0.018854372413882475,0.2652900463031381
1.7703151932420313,-0.01836239383701844,0.2933898472602468
1.7722747326491284,-0.017770400810510446,0.32306044454415034
1.7760452600693948,-0.016412183984640328,0.39828413530510604
1.7777355060309994,-0.01570097564112787,0.4277801996638102
1.779520451452521,-0.014887152885257661,0.45692719817211547
1.7813957348678866,-0.01396521199967272,0.48607419668042073
1.784973588431229,-0.011977279610627431,0.5588544264885842
1.7866006986938363,-0.010959758364391768,0.5871287603708926
1.788233897022071,-0.009873019731401192,0.6155776271784
1.7899051580539767,-0.008691014234529717,0.6443755598363065
1.793190539402155,-0.006109462059479875,0.7182029871956666
1.7946355803381941,-0.004846650123206723,0.7475245186291712
1.7960742533562086,-0.003513024394968085,0.7768460500626762
1.7975340338071704,-0.0020780012361338264,0.8063421144213803
1.8004771111520117,0.0011236252969858982,0.8806931405563386
1.801671675357956,0.002570688073338859,0.909840139064644
1.8028759190362187,0.004119279303827784,0.9388126046477497
1.8053677109251398,0.007632033662172709,1.0128145649323095
1.8065192919875308,0.009477097606272149,1.0426596951414124
1.80757232142071,0.011282033033736812,1.0716321607245183
1.808511379870046,0.013004388068133949,1.1006046263076241
1.8104601375748255,0.016987981897713594,1.1751301853677822
1.8113148493097382,0.019034244909848688,1.204975315576885
1.8120776081400998,0.021025453506251464,1.233947781159991
1.8127682695781802,0.022997672982477978,1.2623966479674986
1.8140753506321696,0.02732456596325569,1.33587500947646
1.8145915322168678,0.02948124884125334,1.3655456067603635
1.8150174305223348,0.03152704294571714,1.3945180723434694
1.8157384566744392,0.03594597582754518,1.452463003509681
1.8160103293401322,0.0382327576177233,1.4967943665103374
1.8161774389351273,0.04048681191645104,1.5264649637942405
1.8162776056535181,0.04274483163002292,1.5557864952277454
1.816278870767986,0.04752068741621686,1.6133823605435584
1.8161826451880145,0.04977887851444384,1.6549211967410233
1.815999893682449,0.051946135257030374,1.6823228659973344
1.815397809223281,0.0567269106941395,1.738347934986352
1.8149853116376717,0.05916574286575865,1.7666222688686606
1.814520627614416,0.061508276788468874,1.8083356379913247
1.8133421394999039,0.06609246883857574,1.8645352399055424
1.8126136406889803,0.06850081521247231,1.893507705488648
1.811829206367501,0.07084660280190648,1.922654703996953
1.8109914399000637,0.0731285000785038,1.9664624682220113
1.808949498823907,0.07782040604118207,2.0251055310890207
1.8078827516744909,0.08000465839705062,2.054601595447725
1.8067322141761362,0.08219425198590176,2.0842721927316283
1.8042075848491554,0.08644705773589503,2.158797751791786
1.8027645854870133,0.08861156230622348,2.1889919478512883
1.801232182130219,0.09076627003847369,2.21918614391079
1.7996354274758954,0.0928737329760431,2.2492058070450924
1.7962786953755867,0.0968471105248719,2.3246040307312477
1.7944398639847627,0.098805952073042,2.3541000950899513
1.7925440627052387,0.10070971114479255,2.383596159448656
1.7906239109873168,0.10252741377159783,2.4129176908821606
1.7865386200760554,0.10601596531370035,2.4863960523911217
1.784306813644494,0.10773096743437195,2.5164157155254245
1.7819899567601805,0.109403167038344,2.5467844445101258
1.7773890033080717,0.11241797582871632,2.6206118718694857
1.775058743272617,0.11375523020312696,2.6490607386769933
1.772541079640936,0.11510632130872486,2.6778586713348997
1.7699092723916388,0.1164225090928414,2.7064820710676063
1.7645382753212377,0.1188267598703147,2.7773424386985766
1.7619083016741135,0.11982947161219211,2.805267706730486
1.759251356059158,0.120758359237815,2.833542040612794
1.7536180674775044,0.1224594602094608,2.892010570554604
1.7506426899645544,0.12321787442747263,2.935992867704861
1.7475950959264088,0.12385343983430092,2.966012530839164
1.7416596149420318,0.1248119884104315,3.0276226534345634
1.738566650518108,0.12516602778682787,3.0586895141200623
1.7355066810148179,0.12542029164502322,3.1051152722231112
1.732438208421061,0.12553227116106902,3.1356585341330123
1.726212870096069,0.1254746836135923,-3.0866147821519716
1.7229766677246765,0.12529658462082896,-3.0562460531672704
1.7197473653568305,0.12502030350157714,-3.010867492615418
1.7166184846119852,0.12460893408190105,-2.9808478294811156
1.7103211506377554,0.12348890892234388,-2.919586772736114
1.7071179957581264,0.12276587180389877,-2.888519912050615
1.7038975577296687,0.12193300990041121,-2.8417450880971664
1.6978972029895492,0.11997780498732988,-2.7801349655017678
1.6951048780776432,0.11892211635264294,-2.749940769442265
1.689066746287008,0.11634027526973711,-2.7078783344692017
1.6859709468067041,0.11490653536674963,-2.6916467724256545
1.6828988259490172,0.11342273687388306,-2.6792549347364947
1.6800361711358527,0.11199609360629548,-2.665292300720541
1.6740693156795046,0.10886618173109042,-2.6394614277910247
1.6709666291400174,0.10716258031791441,-2.6157249499639015
1.6680159025645453,0.10545003916265105,-2.5975735257431607
1.6622443233324227,0.1018914315436512,-2.5637141382544706
1.6592437321053772,0.09993462439057191,-2.546435378659727
1.656277398306721,0.0979262654233768,-2.5193827752538147
1.6533318207459193,0.09581354855675565,-2.5019294827338716
1.6477894330341643,0.09161839288330237,-2.4685936940207798
1.6449882579063393,0.08938544419391903,-2.450791335650438
1.6420958009850604,0.08699429588361629,-2.4226915346933287
1.6366243651949406,0.08210942618365832,-2.381152698495864
1.6338744022767346,0.07949341615089585,-2.3591615499207355
1.6311523840690811,0.07678750298708308,-2.3373449342708064
1.6284900428126312,0.07402285324306547,-2.305230876034111
1.6233524496900995,0.06820563926558439,-2.2605504471830558
1.6209643316641418,0.0653106799260748,-2.2369885022811324
1.618592370828023,0.06229320565695325,-2.212728425678411
1.6139436757423438,0.05581529187673221,-2.146929512878225
1.6117365462210058,0.052417908743970495,-2.1198769094723127
1.609599864029318,0.04892569011717654,-2.0929988389916003
1.6055300484465336,0.041625672326208486,-2.0235347347622255
1.60366458385144,0.037790715654330204,-1.9952604008799175
1.601873155215237,0.033826830811693534,-1.967160599922809
1.5986117869892493,0.0257164165951096,-1.91131006385899
1.5971163183932973,0.02149568481976514,-1.8685494971851293
1.5957651090910852,0.017092574983458505,-1.8392279657516246
1.5934297581920998,0.008094842509729909,-1.7816321004358118
1.5924480250886852,0.0035076549597332024,-1.7523105690023073
1.591570404360377,-0.001274124332210541,-1.7067574755252548
1.590413500936685,-0.010841259201067384,-1.6442746883038584
1.5900534655501157,-0.015732320920577775,-1.61285876176796
1.5898436532454614,-0.020717494829179527,-1.5812683023068625
1.5899782428685996,-0.03086350153944508,-1.5025539530419185
1.5903301119513211,-0.03601166203130025,-1.470614427730422
1.5908376729821705,-0.04106109578780818,-1.4385003694937264
1.5924249099621037,-0.051645493972216364,-1.3568189605003915
1.5936021655100048,-0.05706304390543085,-1.324181303488098
1.5949555788444445,-0.06243929262085473,-1.291718179401003
1.5981058953847582,-0.07280170271837186,-1.2273155300024126
1.6000160099185046,-0.07814231905943697,-1.1780972450961724
1.6045808234939758,-0.08866504640301369,-1.11107660181959
1.607097438808483,-0.0937480935003036,-1.077566280181299
1.6098839027533398,-0.09893178498476313,-1.0449286231690054
1.6161640319300756,-0.10918392721225573,-0.9651670763528643
1.6195143296486016,-0.11402237158201806,-0.9327039522657696
1.623070711040664,-0.11881803410375856,-0.900066295253476
1.6310788009751245,-0.1285737025445195,-0.817163155783745
1.6353394273901898,-0.1331139837893363,-0.7841764329210522
1.6398078620625,-0.13757151333370607,-0.7515387759087583
1.649231950165045,-0.14609509495782214,-0.6869615935849679
1.6543757256260159,-0.15031422925158222,-0.6375687757535285
1.659584465948482,-0.15417271657337517,-0.6044075199656366
1.670371277170187,-0.16136118662350943,-0.5382595413150512
1.676156603266583,-0.1648154096001278,-0.505098285527159
1.6821652361656114,-0.16813782840621638,-0.45535640184532056
1.6943239908075503,-0.1738453378945112,-0.3902556207459321
1.7005160027972166,-0.17639244529949016,-0.3576179637336381
1.706987573870182,-0.17881077926479125,-0.32515483964654357
1.7202636013470196,-0.18292327783810156,-0.24312436480281022
1.7269276888943992,-0.18457617626184042,-0.21083577364091496
1.740314696321042,-0.18721698955480848,-0.14643312424232413
1.747275986636942,-0.18824370203862464,-0.09686577348568524
1.754237151482913,-0.18892011757773883,-0.06405358354819189
1.7679517758183394,-0.1895738861129267,0.0010471975511966436
1.7748177851644749,-0.18956669604212467,0.033510321638291145
1.781722565671891,-0.1893352279782821,0.08203047484373349
1.7956407423153802,-0.18795932196282497,0.14782938764391967
1.8025162304671716,-0.1869354534914155,0.1804670446562137
1.8092287858526448,-0.18571073379955688,0.21258110289290932
1.8227378822983114,-0.1824441313389684,0.29391344603584507
1.8293910980271346,-0.180430337794955,0.32620203719774016
1.8358950403188994,-0.17823013991664233,0.35901422713523357
1.8489853403686998,-0.17306826235360956,0.44121923490416654
1.8551166830668548,-0.1701726079710993,0.47403142484165994
1.8673783097536532,-0.16362413388907573,0.5398303376418461
1.8733776924448102,-0.16002930964867415,0.5724679946541402
1.8792924211269437,-0.1562175271255739,0.6215117466351807
1.8906279154826593,-0.14780867735592443,0.687659725285766
1.8959335143294846,-0.14345060933042228,0.7202973822980598
1.9061992221449413,-0.13414129953442366,0.7852236304722489
1.9112058767077913,-0.1291363923187545,0.83409284952809
1.915876110229195,-0.12398764850810262,0.8672541053159823
1.9247979135943953,-0.11310641631471156,0.9341002156673651
1.9289054026726724,-0.1075514091327175,0.967086938530058
1.9365824697678224,-0.09581259573691592,1.0491174133737913
1.9400465583855737,-0.08978592716957823,1.0817550703860854
1.9464321238292794,-0.07729479305762828,1.1473794502610724
1.9493583513416473,-0.07080183527032605,1.196597735167312
1.9519148272242477,-0.06429185945961696,1.2295844580300053
